<Advertisements>
	<Ad>
		<ImageUrl>../Images/buchanan.jpg</ImageUrl>
		<NavigateUrl>~/02-MiscWebControls/ClickThrough.aspx?Name=Buchanan</NavigateUrl>
		<AlternateText>Employee Info</AlternateText>
		<Impressions>1</Impressions>
		<Keyword>Male</Keyword>
	</Ad>
	<Ad>
		<ImageUrl>../Images/callahan.jpg</ImageUrl>
		<NavigateUrl>~/02-MiscWebControls/ClickThrough.aspx?Name=Callahan</NavigateUrl>
		<AlternateText>Employee Info</AlternateText>
		<Impressions>2</Impressions>
		<Keyword>Female</Keyword>
	</Ad>
	<Ad>
		<ImageUrl>../Images/davolio.jpg</ImageUrl>
		<NavigateUrl>~/02-MiscWebControls/ClickThrough.aspx?Name=Davolio</NavigateUrl>
		<AlternateText>Employee Info</AlternateText>
		<Impressions>3</Impressions>
		<Keyword>Female</Keyword>
	</Ad>
	<Ad>
		<ImageUrl>../Images/dodsworth.jpg</ImageUrl>
		<NavigateUrl>~/02-MiscWebControls/ClickThrough.aspx?Name=dodsworth</NavigateUrl>
		<AlternateText>Employee Info</AlternateText>
		<Impressions>4</Impressions>
		<Keyword>Female</Keyword>
	</Ad>
	<Ad>
		<ImageUrl>../Images/fuller.jpg</ImageUrl>
		<NavigateUrl>~/02-MiscWebControls/ClickThrough.aspx?Name=Fuller</NavigateUrl>
		<AlternateText>Employee Info</AlternateText>
		<Impressions>5</Impressions>
		<Keyword>Male</Keyword>
	</Ad>
	<Ad>
		<ImageUrl>../Images/King.jpg</ImageUrl>
		<NavigateUrl>~/02-MiscWebControls/ClickThrough.aspx?Name=King</NavigateUrl>
		<AlternateText>Employee Info</AlternateText>
		<Impressions>6</Impressions>
		<Keyword>Male</Keyword>
	</Ad>
	<Ad>
		<ImageUrl>../Images/Leverling.jpg</ImageUrl>
		<NavigateUrl>~/02-MiscWebControls/ClickThrough.aspx?Name=Leverling</NavigateUrl>
		<AlternateText>Employee Info</AlternateText>
		<Impressions>7</Impressions>
		<Keyword>Female</Keyword>
	</Ad>
	<Ad>
		<ImageUrl>../Images/peacock.jpg</ImageUrl>
		<NavigateUrl>~/02-MiscWebControls/ClickThrough.aspx?Name=Peacock</NavigateUrl>
		<AlternateText>Employee Info</AlternateText>
		<Impressions>8</Impressions>
		<Keyword>Female</Keyword>
	</Ad>
	<Ad>
		<ImageUrl>../Images/suyama.jpg</ImageUrl>
		<NavigateUrl>~/02-MiscWebControls/ClickThrough.aspx?Name=Suyama</NavigateUrl>
		<AlternateText>Employee Info</AlternateText>
		<Impressions>8</Impressions>
		<Keyword>Male</Keyword>
	</Ad>
</Advertisements>
