<?xml version="1.0" encoding="utf-8" ?>
<CanadianProvinces>
	<Province>
		<Name>Newfoundland and Labrador</Name>
		<Capital>St. John's</Capital>
		<PostalAbbreviation>NL</PostalAbbreviation>
	</Province>
	<Province>
		<Name>Nova Scotia</Name>
		<Capital>Halifax</Capital>
		<PostalAbbreviation>NS</PostalAbbreviation>
	</Province>
	<Province>
		<Name>Prince Edward Island</Name>
		<Capital>Charlottetown</Capital>
		<PostalAbbreviation>PE</PostalAbbreviation>
	</Province>
	<Province>
		<Name>New Brunswick</Name>
		<Capital>Fredericton</Capital>
		<PostalAbbreviation>NB</PostalAbbreviation>
	</Province>
	<Province>
		<Name>Quebec</Name>
		<Capital>Quebec City</Capital>
		<PostalAbbreviation>QC</PostalAbbreviation>
	</Province>
	<Province>
		<Name>Ontario</Name>
		<Capital>Toronto</Capital>
		<PostalAbbreviation>ON</PostalAbbreviation>
	</Province>
	<Province>
		<Name>Manitoba</Name>
		<Capital>Winnipeg</Capital>
		<PostalAbbreviation>MB</PostalAbbreviation>
	</Province>
	<Province>
		<Name>Saskatchewan</Name>
		<Capital>Regina</Capital>
		<PostalAbbreviation>SK</PostalAbbreviation>
	</Province>
	<Province>
		<Name>Alberta</Name>
		<Capital>Edmonton</Capital>
		<PostalAbbreviation>AB</PostalAbbreviation>
	</Province>
	<Province>
		<Name>British Columbia</Name>
		<Capital>Victoria</Capital>
		<PostalAbbreviation>BC</PostalAbbreviation>
	</Province>
</CanadianProvinces>