<?xml version="1.0" standalone="yes"?>
<Countries>
  <Country>
    <CountryCode>USA</CountryCode>
    <CountryName>United States</CountryName>
    <ISONumber>840</ISONumber>
    <TwoLetterAbbreviation>US</TwoLetterAbbreviation>
  </Country>
  <Country>
    <CountryCode>CAN</CountryCode>
    <CountryName>Canada</CountryName>
    <ISONumber>124</ISONumber>
    <TwoLetterAbbreviation>CA</TwoLetterAbbreviation>
  </Country>
  <Country>
    <CountryCode>GBR</CountryCode>
    <CountryName>United Kingdom</CountryName>
    <ISONumber>826</ISONumber>
    <TwoLetterAbbreviation>GB</TwoLetterAbbreviation>
  </Country>
  <Country>
    <CountryCode>AUS</CountryCode>
    <CountryName>Australia</CountryName>
    <ISONumber>036</ISONumber>
    <TwoLetterAbbreviation>AU</TwoLetterAbbreviation>
  </Country>
  <Country>
    <CountryCode>IND</CountryCode>
    <CountryName>India</CountryName>
    <ISONumber>356</ISONumber>
    <TwoLetterAbbreviation>IN</TwoLetterAbbreviation>
  </Country>
  <Country>
    <CountryCode>AFG</CountryCode>
    <CountryName>Afghanistan</CountryName>
    <ISONumber>004</ISONumber>
    <TwoLetterAbbreviation>AF</TwoLetterAbbreviation>
  </Country>
  <Country>
    <CountryCode>ALB</CountryCode>
    <CountryName>Albania</CountryName>
    <ISONumber>008</ISONumber>
    <TwoLetterAbbreviation>AL</TwoLetterAbbreviation>
  </Country>
  <Country>
    <CountryCode>DZA</CountryCode>
    <CountryName>Algeria</CountryName>
    <ISONumber>012</ISONumber>
    <TwoLetterAbbreviation>DZ</TwoLetterAbbreviation>
  </Country>
  <Country>
    <CountryCode>ASM</CountryCode>
    <CountryName>American Samoa</CountryName>
    <ISONumber>016</ISONumber>
    <TwoLetterAbbreviation>AS</TwoLetterAbbreviation>
  </Country>
  <Country>
    <CountryCode>AND</CountryCode>
    <CountryName>Andorra</CountryName>
    <ISONumber>020</ISONumber>
    <TwoLetterAbbreviation>AD</TwoLetterAbbreviation>
  </Country>
  <Country>
    <CountryCode>AGO</CountryCode>
    <CountryName>Angola</CountryName>
    <ISONumber>024</ISONumber>
    <TwoLetterAbbreviation>AO</TwoLetterAbbreviation>
  </Country>
  <Country>
    <CountryCode>AIA</CountryCode>
    <CountryName>Anguilla</CountryName>
    <ISONumber>660</ISONumber>
    <TwoLetterAbbreviation>AI</TwoLetterAbbreviation>
  </Country>
  <Country>
    <CountryCode>ATA</CountryCode>
    <CountryName>Antarctica</CountryName>
    <ISONumber>010</ISONumber>
    <TwoLetterAbbreviation>AQ</TwoLetterAbbreviation>
  </Country>
  <Country>
    <CountryCode>ATG</CountryCode>
    <CountryName>Antigua and Barbuda</CountryName>
    <ISONumber>028</ISONumber>
    <TwoLetterAbbreviation>AG</TwoLetterAbbreviation>
  </Country>
  <Country>
    <CountryCode>ARG</CountryCode>
    <CountryName>Argentina</CountryName>
    <ISONumber>032</ISONumber>
    <TwoLetterAbbreviation>AR</TwoLetterAbbreviation>
  </Country>
  <Country>
    <CountryCode>ARM</CountryCode>
    <CountryName>Armenia</CountryName>
    <ISONumber>051</ISONumber>
    <TwoLetterAbbreviation>AM</TwoLetterAbbreviation>
  </Country>
  <Country>
    <CountryCode>ABW</CountryCode>
    <CountryName>Aruba</CountryName>
    <ISONumber>533</ISONumber>
    <TwoLetterAbbreviation>AW</TwoLetterAbbreviation>
  </Country>
  <Country>
    <CountryCode>AUT</CountryCode>
    <CountryName>Austria</CountryName>
    <ISONumber>040</ISONumber>
    <TwoLetterAbbreviation>AT</TwoLetterAbbreviation>
  </Country>
  <Country>
    <CountryCode>AZE</CountryCode>
    <CountryName>Azerbaijan</CountryName>
    <ISONumber>031</ISONumber>
    <TwoLetterAbbreviation>AZ</TwoLetterAbbreviation>
  </Country>
  <Country>
    <CountryCode>BHS</CountryCode>
    <CountryName>Bahamas</CountryName>
    <ISONumber>044</ISONumber>
    <TwoLetterAbbreviation>BS</TwoLetterAbbreviation>
  </Country>
  <Country>
    <CountryCode>BHR</CountryCode>
    <CountryName>Bahrain</CountryName>
    <ISONumber>048</ISONumber>
    <TwoLetterAbbreviation>BH</TwoLetterAbbreviation>
  </Country>
  <Country>
    <CountryCode>BGD</CountryCode>
    <CountryName>Bangladesh</CountryName>
    <ISONumber>050</ISONumber>
    <TwoLetterAbbreviation>BD</TwoLetterAbbreviation>
  </Country>
  <Country>
    <CountryCode>BRB</CountryCode>
    <CountryName>Barbados</CountryName>
    <ISONumber>052</ISONumber>
    <TwoLetterAbbreviation>BB</TwoLetterAbbreviation>
  </Country>
  <Country>
    <CountryCode>BLR</CountryCode>
    <CountryName>Belarus</CountryName>
    <ISONumber>112</ISONumber>
    <TwoLetterAbbreviation>BY</TwoLetterAbbreviation>
  </Country>
  <Country>
    <CountryCode>BEL</CountryCode>
    <CountryName>Belgium</CountryName>
    <ISONumber>056</ISONumber>
    <TwoLetterAbbreviation>BE</TwoLetterAbbreviation>
  </Country>
  <Country>
    <CountryCode>BLZ</CountryCode>
    <CountryName>Belize</CountryName>
    <ISONumber>084</ISONumber>
    <TwoLetterAbbreviation>BZ</TwoLetterAbbreviation>
  </Country>
  <Country>
    <CountryCode>BEN</CountryCode>
    <CountryName>Benin</CountryName>
    <ISONumber>204</ISONumber>
    <TwoLetterAbbreviation>BJ</TwoLetterAbbreviation>
  </Country>
  <Country>
    <CountryCode>BMU</CountryCode>
    <CountryName>Bermuda</CountryName>
    <ISONumber>060</ISONumber>
    <TwoLetterAbbreviation>BM</TwoLetterAbbreviation>
  </Country>
  <Country>
    <CountryCode>BTN</CountryCode>
    <CountryName>Bhutan</CountryName>
    <ISONumber>064</ISONumber>
    <TwoLetterAbbreviation>BT</TwoLetterAbbreviation>
  </Country>
  <Country>
    <CountryCode>BOL</CountryCode>
    <CountryName>Bolivia</CountryName>
    <ISONumber>068</ISONumber>
    <TwoLetterAbbreviation>BO</TwoLetterAbbreviation>
  </Country>
  <Country>
    <CountryCode>BIH</CountryCode>
    <CountryName>Bosnia and Herzegowina</CountryName>
    <ISONumber>070</ISONumber>
    <TwoLetterAbbreviation>BA</TwoLetterAbbreviation>
  </Country>
  <Country>
    <CountryCode>BWA</CountryCode>
    <CountryName>Botswana</CountryName>
    <ISONumber>072</ISONumber>
    <TwoLetterAbbreviation>BW</TwoLetterAbbreviation>
  </Country>
  <Country>
    <CountryCode>BVT</CountryCode>
    <CountryName>Bouvet Island</CountryName>
    <ISONumber>074</ISONumber>
    <TwoLetterAbbreviation>BV</TwoLetterAbbreviation>
  </Country>
  <Country>
    <CountryCode>BRA</CountryCode>
    <CountryName>Brazil</CountryName>
    <ISONumber>076</ISONumber>
    <TwoLetterAbbreviation>BR</TwoLetterAbbreviation>
  </Country>
  <Country>
    <CountryCode>IOT</CountryCode>
    <CountryName>British Indian Ocean Territory</CountryName>
    <ISONumber>086</ISONumber>
    <TwoLetterAbbreviation>IO</TwoLetterAbbreviation>
  </Country>
  <Country>
    <CountryCode>BRN</CountryCode>
    <CountryName>Brunei Darussalam</CountryName>
    <ISONumber>096</ISONumber>
    <TwoLetterAbbreviation>BN</TwoLetterAbbreviation>
  </Country>
  <Country>
    <CountryCode>BGR</CountryCode>
    <CountryName>Bulgaria</CountryName>
    <ISONumber>100</ISONumber>
    <TwoLetterAbbreviation>BG</TwoLetterAbbreviation>
  </Country>
  <Country>
    <CountryCode>BFA</CountryCode>
    <CountryName>Burkina Faso</CountryName>
    <ISONumber>854</ISONumber>
    <TwoLetterAbbreviation>BF</TwoLetterAbbreviation>
  </Country>
  <Country>
    <CountryCode>BDI</CountryCode>
    <CountryName>Burundi</CountryName>
    <ISONumber>108</ISONumber>
    <TwoLetterAbbreviation>BI</TwoLetterAbbreviation>
  </Country>
  <Country>
    <CountryCode>KHM</CountryCode>
    <CountryName>Cambodia</CountryName>
    <ISONumber>116</ISONumber>
    <TwoLetterAbbreviation>KH</TwoLetterAbbreviation>
  </Country>
  <Country>
    <CountryCode>CMR</CountryCode>
    <CountryName>Cameroon</CountryName>
    <ISONumber>120</ISONumber>
    <TwoLetterAbbreviation>CM</TwoLetterAbbreviation>
  </Country>
  <Country>
    <CountryCode>CPV</CountryCode>
    <CountryName>Cape Verde</CountryName>
    <ISONumber>132</ISONumber>
    <TwoLetterAbbreviation>CV</TwoLetterAbbreviation>
  </Country>
  <Country>
    <CountryCode>CYM</CountryCode>
    <CountryName>Cayman Islands</CountryName>
    <ISONumber>136</ISONumber>
    <TwoLetterAbbreviation>KY</TwoLetterAbbreviation>
  </Country>
  <Country>
    <CountryCode>CAF</CountryCode>
    <CountryName>CENTRAL AFRICAN REPUBLIC</CountryName>
    <ISONumber>140</ISONumber>
    <TwoLetterAbbreviation>CF</TwoLetterAbbreviation>
  </Country>
  <Country>
    <CountryCode>TCD</CountryCode>
    <CountryName>CHAD</CountryName>
    <ISONumber>148</ISONumber>
    <TwoLetterAbbreviation>TD</TwoLetterAbbreviation>
  </Country>
  <Country>
    <CountryCode>CHL</CountryCode>
    <CountryName>CHILE</CountryName>
    <ISONumber>152</ISONumber>
    <TwoLetterAbbreviation>CL</TwoLetterAbbreviation>
  </Country>
  <Country>
    <CountryCode>CHN</CountryCode>
    <CountryName>CHINA</CountryName>
    <ISONumber>156</ISONumber>
    <TwoLetterAbbreviation>CN</TwoLetterAbbreviation>
  </Country>
  <Country>
    <CountryCode>CXR</CountryCode>
    <CountryName>CHRISTMAS ISLAND</CountryName>
    <ISONumber>162</ISONumber>
    <TwoLetterAbbreviation>CX</TwoLetterAbbreviation>
  </Country>
  <Country>
    <CountryCode>CCK</CountryCode>
    <CountryName>COCOS (KEELING) ISLANDS</CountryName>
    <ISONumber>166</ISONumber>
    <TwoLetterAbbreviation>CC</TwoLetterAbbreviation>
  </Country>
  <Country>
    <CountryCode>COL</CountryCode>
    <CountryName>COLOMBIA</CountryName>
    <ISONumber>170</ISONumber>
    <TwoLetterAbbreviation>CO</TwoLetterAbbreviation>
  </Country>
  <Country>
    <CountryCode>COM</CountryCode>
    <CountryName>COMOROS</CountryName>
    <ISONumber>174</ISONumber>
    <TwoLetterAbbreviation>KM</TwoLetterAbbreviation>
  </Country>
  <Country>
    <CountryCode>COD</CountryCode>
    <CountryName>CONGO, Democratic Republic of (was Zaire)</CountryName>
    <ISONumber>180</ISONumber>
    <TwoLetterAbbreviation>CD</TwoLetterAbbreviation>
  </Country>
  <Country>
    <CountryCode>COG</CountryCode>
    <CountryName>CONGO, People's Republic of</CountryName>
    <ISONumber>178</ISONumber>
    <TwoLetterAbbreviation>CG</TwoLetterAbbreviation>
  </Country>
  <Country>
    <CountryCode>COK</CountryCode>
    <CountryName>COOK ISLANDS</CountryName>
    <ISONumber>184</ISONumber>
    <TwoLetterAbbreviation>CK</TwoLetterAbbreviation>
  </Country>
  <Country>
    <CountryCode>CRI</CountryCode>
    <CountryName>COSTA RICA</CountryName>
    <ISONumber>188</ISONumber>
    <TwoLetterAbbreviation>CR</TwoLetterAbbreviation>
  </Country>
  <Country>
    <CountryCode>CIV</CountryCode>
    <CountryName>COTE D'IVOIRE</CountryName>
    <ISONumber>384</ISONumber>
    <TwoLetterAbbreviation>CI</TwoLetterAbbreviation>
  </Country>
  <Country>
    <CountryCode>HRV</CountryCode>
    <CountryName>CROATIA (local name: Hrvatska)</CountryName>
    <ISONumber>191</ISONumber>
    <TwoLetterAbbreviation>HR</TwoLetterAbbreviation>
  </Country>
  <Country>
    <CountryCode>CUB</CountryCode>
    <CountryName>CUBA</CountryName>
    <ISONumber>192</ISONumber>
    <TwoLetterAbbreviation>CU</TwoLetterAbbreviation>
  </Country>
  <Country>
    <CountryCode>CYP</CountryCode>
    <CountryName>CYPRUS</CountryName>
    <ISONumber>196</ISONumber>
    <TwoLetterAbbreviation>CY</TwoLetterAbbreviation>
  </Country>
  <Country>
    <CountryCode>CZE</CountryCode>
    <CountryName>CZECH REPUBLIC</CountryName>
    <ISONumber>203</ISONumber>
    <TwoLetterAbbreviation>CZ</TwoLetterAbbreviation>
  </Country>
  <Country>
    <CountryCode>DNK</CountryCode>
    <CountryName>DENMARK</CountryName>
    <ISONumber>208</ISONumber>
    <TwoLetterAbbreviation>DK</TwoLetterAbbreviation>
  </Country>
  <Country>
    <CountryCode>DJI</CountryCode>
    <CountryName>DJIBOUTI</CountryName>
    <ISONumber>262</ISONumber>
    <TwoLetterAbbreviation>DJ</TwoLetterAbbreviation>
  </Country>
  <Country>
    <CountryCode>DMA</CountryCode>
    <CountryName>DOMINICA</CountryName>
    <ISONumber>212</ISONumber>
    <TwoLetterAbbreviation>DM</TwoLetterAbbreviation>
  </Country>
  <Country>
    <CountryCode>DOM</CountryCode>
    <CountryName>DOMINICAN REPUBLIC</CountryName>
    <ISONumber>214</ISONumber>
    <TwoLetterAbbreviation>DO</TwoLetterAbbreviation>
  </Country>
  <Country>
    <CountryCode>TLS</CountryCode>
    <CountryName>EAST TIMOR</CountryName>
    <ISONumber>626</ISONumber>
    <TwoLetterAbbreviation>TL</TwoLetterAbbreviation>
  </Country>
  <Country>
    <CountryCode>ECU</CountryCode>
    <CountryName>ECUADOR</CountryName>
    <ISONumber>218</ISONumber>
    <TwoLetterAbbreviation>EC</TwoLetterAbbreviation>
  </Country>
  <Country>
    <CountryCode>EGY</CountryCode>
    <CountryName>EGYPT</CountryName>
    <ISONumber>818</ISONumber>
    <TwoLetterAbbreviation>EG</TwoLetterAbbreviation>
  </Country>
  <Country>
    <CountryCode>SLV</CountryCode>
    <CountryName>EL SALVADOR</CountryName>
    <ISONumber>222</ISONumber>
    <TwoLetterAbbreviation>SV</TwoLetterAbbreviation>
  </Country>
  <Country>
    <CountryCode>GNQ</CountryCode>
    <CountryName>EQUATORIAL GUINEA</CountryName>
    <ISONumber>226</ISONumber>
    <TwoLetterAbbreviation>GQ</TwoLetterAbbreviation>
  </Country>
  <Country>
    <CountryCode>ERI</CountryCode>
    <CountryName>ERITREA</CountryName>
    <ISONumber>232</ISONumber>
    <TwoLetterAbbreviation>ER</TwoLetterAbbreviation>
  </Country>
  <Country>
    <CountryCode>EST</CountryCode>
    <CountryName>ESTONIA</CountryName>
    <ISONumber>233</ISONumber>
    <TwoLetterAbbreviation>EE</TwoLetterAbbreviation>
  </Country>
  <Country>
    <CountryCode>ETH</CountryCode>
    <CountryName>ETHIOPIA</CountryName>
    <ISONumber>231</ISONumber>
    <TwoLetterAbbreviation>ET</TwoLetterAbbreviation>
  </Country>
  <Country>
    <CountryCode>FLK</CountryCode>
    <CountryName>FALKLAND ISLANDS (MALVINAS)</CountryName>
    <ISONumber>238</ISONumber>
    <TwoLetterAbbreviation>FK</TwoLetterAbbreviation>
  </Country>
  <Country>
    <CountryCode>FRO</CountryCode>
    <CountryName>FAROE ISLANDS</CountryName>
    <ISONumber>234</ISONumber>
    <TwoLetterAbbreviation>FO</TwoLetterAbbreviation>
  </Country>
  <Country>
    <CountryCode>FJI</CountryCode>
    <CountryName>FIJI</CountryName>
    <ISONumber>242</ISONumber>
    <TwoLetterAbbreviation>FJ</TwoLetterAbbreviation>
  </Country>
  <Country>
    <CountryCode>FIN</CountryCode>
    <CountryName>FINLAND</CountryName>
    <ISONumber>246</ISONumber>
    <TwoLetterAbbreviation>FI</TwoLetterAbbreviation>
  </Country>
  <Country>
    <CountryCode>FRA</CountryCode>
    <CountryName>FRANCE</CountryName>
    <ISONumber>250</ISONumber>
    <TwoLetterAbbreviation>FR</TwoLetterAbbreviation>
  </Country>
  <Country>
    <CountryCode>FXX</CountryCode>
    <CountryName>FRANCE, METROPOLITAN</CountryName>
    <ISONumber>249</ISONumber>
    <TwoLetterAbbreviation>FX</TwoLetterAbbreviation>
  </Country>
  <Country>
    <CountryCode>GUF</CountryCode>
    <CountryName>FRENCH GUIANA</CountryName>
    <ISONumber>254</ISONumber>
    <TwoLetterAbbreviation>GF</TwoLetterAbbreviation>
  </Country>
  <Country>
    <CountryCode>PYF</CountryCode>
    <CountryName>FRENCH POLYNESIA</CountryName>
    <ISONumber>258</ISONumber>
    <TwoLetterAbbreviation>PF</TwoLetterAbbreviation>
  </Country>
  <Country>
    <CountryCode>ATF</CountryCode>
    <CountryName>FRENCH SOUTHERN TERRITORIES</CountryName>
    <ISONumber>260</ISONumber>
    <TwoLetterAbbreviation>TF</TwoLetterAbbreviation>
  </Country>
  <Country>
    <CountryCode>GAB</CountryCode>
    <CountryName>GABON</CountryName>
    <ISONumber>266</ISONumber>
    <TwoLetterAbbreviation>GA</TwoLetterAbbreviation>
  </Country>
  <Country>
    <CountryCode>GMB</CountryCode>
    <CountryName>GAMBIA</CountryName>
    <ISONumber>270</ISONumber>
    <TwoLetterAbbreviation>GM</TwoLetterAbbreviation>
  </Country>
  <Country>
    <CountryCode>GEO</CountryCode>
    <CountryName>GEORGIA</CountryName>
    <ISONumber>268</ISONumber>
    <TwoLetterAbbreviation>GE</TwoLetterAbbreviation>
  </Country>
  <Country>
    <CountryCode>DEU</CountryCode>
    <CountryName>GERMANY</CountryName>
    <ISONumber>276</ISONumber>
    <TwoLetterAbbreviation>DE</TwoLetterAbbreviation>
  </Country>
  <Country>
    <CountryCode>GHA</CountryCode>
    <CountryName>GHANA</CountryName>
    <ISONumber>288</ISONumber>
    <TwoLetterAbbreviation>GH</TwoLetterAbbreviation>
  </Country>
  <Country>
    <CountryCode>GIB</CountryCode>
    <CountryName>GIBRALTAR</CountryName>
    <ISONumber>292</ISONumber>
    <TwoLetterAbbreviation>GI</TwoLetterAbbreviation>
  </Country>
  <Country>
    <CountryCode>GRC</CountryCode>
    <CountryName>GREECE</CountryName>
    <ISONumber>300</ISONumber>
    <TwoLetterAbbreviation>GR</TwoLetterAbbreviation>
  </Country>
  <Country>
    <CountryCode>GRL</CountryCode>
    <CountryName>GREENLAND</CountryName>
    <ISONumber>304</ISONumber>
    <TwoLetterAbbreviation>GL</TwoLetterAbbreviation>
  </Country>
  <Country>
    <CountryCode>GRD</CountryCode>
    <CountryName>GRENADA</CountryName>
    <ISONumber>308</ISONumber>
    <TwoLetterAbbreviation>GD</TwoLetterAbbreviation>
  </Country>
  <Country>
    <CountryCode>GLP</CountryCode>
    <CountryName>GUADELOUPE</CountryName>
    <ISONumber>312</ISONumber>
    <TwoLetterAbbreviation>GP</TwoLetterAbbreviation>
  </Country>
  <Country>
    <CountryCode>GUM</CountryCode>
    <CountryName>GUAM</CountryName>
    <ISONumber>316</ISONumber>
    <TwoLetterAbbreviation>GU</TwoLetterAbbreviation>
  </Country>
  <Country>
    <CountryCode>GTM</CountryCode>
    <CountryName>GUATEMALA</CountryName>
    <ISONumber>320</ISONumber>
    <TwoLetterAbbreviation>GT</TwoLetterAbbreviation>
  </Country>
  <Country>
    <CountryCode>GIN</CountryCode>
    <CountryName>GUINEA</CountryName>
    <ISONumber>324</ISONumber>
    <TwoLetterAbbreviation>GN</TwoLetterAbbreviation>
  </Country>
  <Country>
    <CountryCode>GNB</CountryCode>
    <CountryName>GUINEA-BISSAU</CountryName>
    <ISONumber>624</ISONumber>
    <TwoLetterAbbreviation>GW</TwoLetterAbbreviation>
  </Country>
  <Country>
    <CountryCode>GUY</CountryCode>
    <CountryName>GUYANA</CountryName>
    <ISONumber>328</ISONumber>
    <TwoLetterAbbreviation>GY</TwoLetterAbbreviation>
  </Country>
  <Country>
    <CountryCode>HTI</CountryCode>
    <CountryName>HAITI</CountryName>
    <ISONumber>332</ISONumber>
    <TwoLetterAbbreviation>HT</TwoLetterAbbreviation>
  </Country>
  <Country>
    <CountryCode>HMD</CountryCode>
    <CountryName>HEARD AND MC DONALD ISLANDS</CountryName>
    <ISONumber>334</ISONumber>
    <TwoLetterAbbreviation>HM</TwoLetterAbbreviation>
  </Country>
  <Country>
    <CountryCode>HND</CountryCode>
    <CountryName>HONDURAS</CountryName>
    <ISONumber>340</ISONumber>
    <TwoLetterAbbreviation>HN</TwoLetterAbbreviation>
  </Country>
  <Country>
    <CountryCode>HKG</CountryCode>
    <CountryName>HONG KONG</CountryName>
    <ISONumber>344</ISONumber>
    <TwoLetterAbbreviation>HK</TwoLetterAbbreviation>
  </Country>
  <Country>
    <CountryCode>HUN</CountryCode>
    <CountryName>HUNGARY</CountryName>
    <ISONumber>348</ISONumber>
    <TwoLetterAbbreviation>HU</TwoLetterAbbreviation>
  </Country>
  <Country>
    <CountryCode>ISL</CountryCode>
    <CountryName>ICELAND</CountryName>
    <ISONumber>352</ISONumber>
    <TwoLetterAbbreviation>IS</TwoLetterAbbreviation>
  </Country>
  <Country>
    <CountryCode>IDN</CountryCode>
    <CountryName>INDONESIA</CountryName>
    <ISONumber>360</ISONumber>
    <TwoLetterAbbreviation>ID</TwoLetterAbbreviation>
  </Country>
  <Country>
    <CountryCode>IRN</CountryCode>
    <CountryName>IRAN (ISLAMIC REPUBLIC OF)</CountryName>
    <ISONumber>364</ISONumber>
    <TwoLetterAbbreviation>IR</TwoLetterAbbreviation>
  </Country>
  <Country>
    <CountryCode>IRQ</CountryCode>
    <CountryName>IRAQ</CountryName>
    <ISONumber>368</ISONumber>
    <TwoLetterAbbreviation>IQ</TwoLetterAbbreviation>
  </Country>
  <Country>
    <CountryCode>IRL</CountryCode>
    <CountryName>IRELAND</CountryName>
    <ISONumber>372</ISONumber>
    <TwoLetterAbbreviation>IE</TwoLetterAbbreviation>
  </Country>
  <Country>
    <CountryCode>ISR</CountryCode>
    <CountryName>ISRAEL</CountryName>
    <ISONumber>376</ISONumber>
    <TwoLetterAbbreviation>IL</TwoLetterAbbreviation>
  </Country>
  <Country>
    <CountryCode>ITA</CountryCode>
    <CountryName>ITALY</CountryName>
    <ISONumber>380</ISONumber>
    <TwoLetterAbbreviation>IT</TwoLetterAbbreviation>
  </Country>
  <Country>
    <CountryCode>JAM</CountryCode>
    <CountryName>JAMAICA</CountryName>
    <ISONumber>388</ISONumber>
    <TwoLetterAbbreviation>JM</TwoLetterAbbreviation>
  </Country>
  <Country>
    <CountryCode>JPN</CountryCode>
    <CountryName>JAPAN</CountryName>
    <ISONumber>392</ISONumber>
    <TwoLetterAbbreviation>JP</TwoLetterAbbreviation>
  </Country>
  <Country>
    <CountryCode>JOR</CountryCode>
    <CountryName>JORDAN</CountryName>
    <ISONumber>400</ISONumber>
    <TwoLetterAbbreviation>JO</TwoLetterAbbreviation>
  </Country>
  <Country>
    <CountryCode>KAZ</CountryCode>
    <CountryName>KAZAKHSTAN</CountryName>
    <ISONumber>398</ISONumber>
    <TwoLetterAbbreviation>KZ</TwoLetterAbbreviation>
  </Country>
  <Country>
    <CountryCode>KEN</CountryCode>
    <CountryName>KENYA</CountryName>
    <ISONumber>404</ISONumber>
    <TwoLetterAbbreviation>KE</TwoLetterAbbreviation>
  </Country>
  <Country>
    <CountryCode>KIR</CountryCode>
    <CountryName>KIRIBATI</CountryName>
    <ISONumber>296</ISONumber>
    <TwoLetterAbbreviation>KI</TwoLetterAbbreviation>
  </Country>
  <Country>
    <CountryCode>PRK</CountryCode>
    <CountryName>KOREA, DEMOCRATIC PEOPLE'S REPUBLIC OF</CountryName>
    <ISONumber>408</ISONumber>
    <TwoLetterAbbreviation>KP</TwoLetterAbbreviation>
  </Country>
  <Country>
    <CountryCode>KOR</CountryCode>
    <CountryName>KOREA, REPUBLIC OF</CountryName>
    <ISONumber>410</ISONumber>
    <TwoLetterAbbreviation>KR</TwoLetterAbbreviation>
  </Country>
  <Country>
    <CountryCode>KWT</CountryCode>
    <CountryName>KUWAIT</CountryName>
    <ISONumber>414</ISONumber>
    <TwoLetterAbbreviation>KW</TwoLetterAbbreviation>
  </Country>
  <Country>
    <CountryCode>KGZ</CountryCode>
    <CountryName>KYRGYZSTAN</CountryName>
    <ISONumber>417</ISONumber>
    <TwoLetterAbbreviation>KG</TwoLetterAbbreviation>
  </Country>
  <Country>
    <CountryCode>LAO</CountryCode>
    <CountryName>LAO PEOPLE'S DEMOCRATIC REPUBLIC</CountryName>
    <ISONumber>418</ISONumber>
    <TwoLetterAbbreviation>LA</TwoLetterAbbreviation>
  </Country>
  <Country>
    <CountryCode>LVA</CountryCode>
    <CountryName>LATVIA</CountryName>
    <ISONumber>428</ISONumber>
    <TwoLetterAbbreviation>LV</TwoLetterAbbreviation>
  </Country>
  <Country>
    <CountryCode>LBN</CountryCode>
    <CountryName>LEBANON</CountryName>
    <ISONumber>422</ISONumber>
    <TwoLetterAbbreviation>LB</TwoLetterAbbreviation>
  </Country>
  <Country>
    <CountryCode>LSO</CountryCode>
    <CountryName>LESOTHO</CountryName>
    <ISONumber>426</ISONumber>
    <TwoLetterAbbreviation>LS</TwoLetterAbbreviation>
  </Country>
  <Country>
    <CountryCode>LBR</CountryCode>
    <CountryName>LIBERIA</CountryName>
    <ISONumber>430</ISONumber>
    <TwoLetterAbbreviation>LR</TwoLetterAbbreviation>
  </Country>
  <Country>
    <CountryCode>LBY</CountryCode>
    <CountryName>LIBYAN ARAB JAMAHIRIYA</CountryName>
    <ISONumber>434</ISONumber>
    <TwoLetterAbbreviation>LY</TwoLetterAbbreviation>
  </Country>
  <Country>
    <CountryCode>LIE</CountryCode>
    <CountryName>LIECHTENSTEIN</CountryName>
    <ISONumber>438</ISONumber>
    <TwoLetterAbbreviation>LI</TwoLetterAbbreviation>
  </Country>
  <Country>
    <CountryCode>LTU</CountryCode>
    <CountryName>LITHUANIA</CountryName>
    <ISONumber>440</ISONumber>
    <TwoLetterAbbreviation>LT</TwoLetterAbbreviation>
  </Country>
  <Country>
    <CountryCode>LUX</CountryCode>
    <CountryName>LUXEMBOURG</CountryName>
    <ISONumber>442</ISONumber>
    <TwoLetterAbbreviation>LU</TwoLetterAbbreviation>
  </Country>
  <Country>
    <CountryCode>MAC</CountryCode>
    <CountryName>MACAU</CountryName>
    <ISONumber>446</ISONumber>
    <TwoLetterAbbreviation>MO</TwoLetterAbbreviation>
  </Country>
  <Country>
    <CountryCode>MKD</CountryCode>
    <CountryName>MACEDONIA, THE FORMER YUGOSLAV REPUBLIC OF</CountryName>
    <TwoLetterAbbreviation>MK</TwoLetterAbbreviation>
  </Country>
  <Country>
    <CountryCode>MDG</CountryCode>
    <CountryName>MADAGASCAR</CountryName>
    <TwoLetterAbbreviation>MG</TwoLetterAbbreviation>
  </Country>
  <Country>
    <CountryCode>MWI</CountryCode>
    <CountryName>MALAWI</CountryName>
    <TwoLetterAbbreviation>MW</TwoLetterAbbreviation>
  </Country>
  <Country>
    <CountryCode>MYS</CountryCode>
    <CountryName>MALAYSIA</CountryName>
    <TwoLetterAbbreviation>MY</TwoLetterAbbreviation>
  </Country>
  <Country>
    <CountryCode>MDV</CountryCode>
    <CountryName>MALDIVES</CountryName>
    <TwoLetterAbbreviation>MV</TwoLetterAbbreviation>
  </Country>
  <Country>
    <CountryCode>MLI</CountryCode>
    <CountryName>MALI</CountryName>
    <TwoLetterAbbreviation>ML</TwoLetterAbbreviation>
  </Country>
  <Country>
    <CountryCode>MHL</CountryCode>
    <CountryName>MALTA</CountryName>
    <TwoLetterAbbreviation>MH</TwoLetterAbbreviation>
  </Country>
  <Country>
    <CountryCode>MHL</CountryCode>
    <CountryName>MARSHALL ISLANDS</CountryName>
    <TwoLetterAbbreviation>MH</TwoLetterAbbreviation>
  </Country>
  <Country>
    <CountryCode>MTQ</CountryCode>
    <CountryName>MARTINIQUE</CountryName>
    <TwoLetterAbbreviation>MQ</TwoLetterAbbreviation>
  </Country>
  <Country>
    <CountryCode>MRT</CountryCode>
    <CountryName>MAURITANIA</CountryName>
    <TwoLetterAbbreviation>MR</TwoLetterAbbreviation>
  </Country>
  <Country>
    <CountryCode>MUS</CountryCode>
    <CountryName>MAURITIUS</CountryName>
    <TwoLetterAbbreviation>MU</TwoLetterAbbreviation>
  </Country>
  <Country>
    <CountryCode>MYT</CountryCode>
    <CountryName>MAYOTTE</CountryName>
    <TwoLetterAbbreviation>YT</TwoLetterAbbreviation>
  </Country>
  <Country>
    <CountryCode>MEX</CountryCode>
    <CountryName>MEXICO</CountryName>
    <TwoLetterAbbreviation>MX</TwoLetterAbbreviation>
  </Country>
  <Country>
    <CountryCode>FSM</CountryCode>
    <CountryName>MICRONESIA, FEDERATED STATES OF</CountryName>
    <TwoLetterAbbreviation>FM</TwoLetterAbbreviation>
  </Country>
  <Country>
    <CountryCode>MDA</CountryCode>
    <CountryName>MOLDOVA, REPUBLIC OF</CountryName>
    <TwoLetterAbbreviation>MD</TwoLetterAbbreviation>
  </Country>
  <Country>
    <CountryCode>MCO</CountryCode>
    <CountryName>MONACO</CountryName>
    <TwoLetterAbbreviation>MC</TwoLetterAbbreviation>
  </Country>
  <Country>
    <CountryCode>MNG</CountryCode>
    <CountryName>MONGOLIA</CountryName>
    <TwoLetterAbbreviation>MN</TwoLetterAbbreviation>
  </Country>
  <Country>
    <CountryCode>MSR</CountryCode>
    <CountryName>MONTSERRAT</CountryName>
    <TwoLetterAbbreviation>MS</TwoLetterAbbreviation>
  </Country>
  <Country>
    <CountryCode>MAR</CountryCode>
    <CountryName>MOROCCO</CountryName>
    <TwoLetterAbbreviation>MA</TwoLetterAbbreviation>
  </Country>
  <Country>
    <CountryCode>MOZ</CountryCode>
    <CountryName>MOZAMBIQUE</CountryName>
    <TwoLetterAbbreviation>MZ</TwoLetterAbbreviation>
  </Country>
  <Country>
    <CountryCode>NAM</CountryCode>
    <CountryName>MYANMAR</CountryName>
    <TwoLetterAbbreviation>NA</TwoLetterAbbreviation>
  </Country>
  <Country>
    <CountryCode>NRU</CountryCode>
    <CountryName>NAMIBIA</CountryName>
    <TwoLetterAbbreviation>NR</TwoLetterAbbreviation>
  </Country>
  <Country>
    <CountryCode>NRU</CountryCode>
    <CountryName>NAURU</CountryName>
    <TwoLetterAbbreviation>NR</TwoLetterAbbreviation>
  </Country>
  <Country>
    <CountryCode>NPL</CountryCode>
    <CountryName>NEPAL</CountryName>
    <TwoLetterAbbreviation>NP</TwoLetterAbbreviation>
  </Country>
  <Country>
    <CountryCode>NLD</CountryCode>
    <CountryName>NETHERLANDS</CountryName>
    <TwoLetterAbbreviation>NL</TwoLetterAbbreviation>
  </Country>
  <Country>
    <CountryCode>ANT</CountryCode>
    <CountryName>NETHERLANDS ANTILLES</CountryName>
    <TwoLetterAbbreviation>AN</TwoLetterAbbreviation>
  </Country>
  <Country>
    <CountryCode>NCL</CountryCode>
    <CountryName>NEW CALEDONIA</CountryName>
    <TwoLetterAbbreviation>NC</TwoLetterAbbreviation>
  </Country>
  <Country>
    <CountryCode>NZL</CountryCode>
    <CountryName>NEW ZEALAND</CountryName>
    <TwoLetterAbbreviation>NZ</TwoLetterAbbreviation>
  </Country>
  <Country>
    <CountryCode>NIC</CountryCode>
    <CountryName>NICARAGUA</CountryName>
    <TwoLetterAbbreviation>NI</TwoLetterAbbreviation>
  </Country>
  <Country>
    <CountryCode>NER</CountryCode>
    <CountryName>NIGER</CountryName>
    <TwoLetterAbbreviation>NE</TwoLetterAbbreviation>
  </Country>
  <Country>
    <CountryCode>NGA</CountryCode>
    <CountryName>NIGERIA</CountryName>
    <TwoLetterAbbreviation>NG</TwoLetterAbbreviation>
  </Country>
  <Country>
    <CountryCode>NIU</CountryCode>
    <CountryName>NIUE</CountryName>
    <TwoLetterAbbreviation>NU</TwoLetterAbbreviation>
  </Country>
  <Country>
    <CountryCode>NFK</CountryCode>
    <CountryName>NORFOLK ISLAND</CountryName>
    <TwoLetterAbbreviation>NF</TwoLetterAbbreviation>
  </Country>
  <Country>
    <CountryCode>MNP</CountryCode>
    <CountryName>NORTHERN MARIANA ISLANDS</CountryName>
    <TwoLetterAbbreviation>MP</TwoLetterAbbreviation>
  </Country>
  <Country>
    <CountryCode>NOR</CountryCode>
    <CountryName>NORWAY</CountryName>
    <TwoLetterAbbreviation>NO</TwoLetterAbbreviation>
  </Country>
  <Country>
    <CountryCode>OMN</CountryCode>
    <CountryName>OMAN</CountryName>
    <TwoLetterAbbreviation>OM</TwoLetterAbbreviation>
  </Country>
  <Country>
    <CountryCode>PAK</CountryCode>
    <CountryName>PAKISTAN</CountryName>
    <TwoLetterAbbreviation>PK</TwoLetterAbbreviation>
  </Country>
  <Country>
    <CountryCode>PLW</CountryCode>
    <CountryName>PALAU</CountryName>
    <TwoLetterAbbreviation>PW</TwoLetterAbbreviation>
  </Country>
  <Country>
    <CountryCode>PSE</CountryCode>
    <CountryName>PALESTINIAN TERRITORY, Occupied</CountryName>
    <TwoLetterAbbreviation>PS</TwoLetterAbbreviation>
  </Country>
  <Country>
    <CountryCode>PAN</CountryCode>
    <CountryName>PANAMA</CountryName>
    <TwoLetterAbbreviation>PA</TwoLetterAbbreviation>
  </Country>
  <Country>
    <CountryCode>PNG</CountryCode>
    <CountryName>PAPUA NEW GUINEA</CountryName>
    <TwoLetterAbbreviation>PG</TwoLetterAbbreviation>
  </Country>
  <Country>
    <CountryCode>PRY</CountryCode>
    <CountryName>PARAGUAY</CountryName>
    <TwoLetterAbbreviation>PY</TwoLetterAbbreviation>
  </Country>
  <Country>
    <CountryCode>PER</CountryCode>
    <CountryName>PERU</CountryName>
    <TwoLetterAbbreviation>PE</TwoLetterAbbreviation>
  </Country>
  <Country>
    <CountryCode>PHL</CountryCode>
    <CountryName>PHILIPPINES</CountryName>
    <TwoLetterAbbreviation>PH</TwoLetterAbbreviation>
  </Country>
  <Country>
    <CountryCode>PCN</CountryCode>
    <CountryName>PITCAIRN</CountryName>
    <TwoLetterAbbreviation>PN</TwoLetterAbbreviation>
  </Country>
  <Country>
    <CountryCode>POL</CountryCode>
    <CountryName>POLAND</CountryName>
    <TwoLetterAbbreviation>PL</TwoLetterAbbreviation>
  </Country>
  <Country>
    <CountryCode>PRT</CountryCode>
    <CountryName>PORTUGAL</CountryName>
    <TwoLetterAbbreviation>PT</TwoLetterAbbreviation>
  </Country>
  <Country>
    <CountryCode>PRI</CountryCode>
    <CountryName>PUERTO RICO</CountryName>
    <TwoLetterAbbreviation>PR</TwoLetterAbbreviation>
  </Country>
  <Country>
    <CountryCode>QAT</CountryCode>
    <CountryName>QATAR</CountryName>
    <TwoLetterAbbreviation>QA</TwoLetterAbbreviation>
  </Country>
  <Country>
    <CountryCode>REU</CountryCode>
    <CountryName>REUNION</CountryName>
    <TwoLetterAbbreviation>RE</TwoLetterAbbreviation>
  </Country>
  <Country>
    <CountryCode>ROU</CountryCode>
    <CountryName>ROMANIA</CountryName>
    <TwoLetterAbbreviation>RO</TwoLetterAbbreviation>
  </Country>
  <Country>
    <CountryCode>RUS</CountryCode>
    <CountryName>RUSSIAN FEDERATION</CountryName>
    <TwoLetterAbbreviation>RU</TwoLetterAbbreviation>
  </Country>
  <Country>
    <CountryCode>RWA</CountryCode>
    <CountryName>RWANDA</CountryName>
    <TwoLetterAbbreviation>RW</TwoLetterAbbreviation>
  </Country>
  <Country>
    <CountryCode>KNA</CountryCode>
    <CountryName>SAINT KITTS AND NEVIS</CountryName>
    <TwoLetterAbbreviation>KN</TwoLetterAbbreviation>
  </Country>
  <Country>
    <CountryCode>LCA</CountryCode>
    <CountryName>SAINT LUCIA</CountryName>
    <TwoLetterAbbreviation>LC</TwoLetterAbbreviation>
  </Country>
  <Country>
    <CountryCode>VCT</CountryCode>
    <CountryName>SAINT VINCENT AND THE GRENADINES</CountryName>
    <TwoLetterAbbreviation>VC</TwoLetterAbbreviation>
  </Country>
  <Country>
    <CountryCode>WSM</CountryCode>
    <CountryName>SAMOA</CountryName>
    <TwoLetterAbbreviation>WS</TwoLetterAbbreviation>
  </Country>
  <Country>
    <CountryCode>SMR</CountryCode>
    <CountryName>SAN MARINO</CountryName>
    <TwoLetterAbbreviation>SM</TwoLetterAbbreviation>
  </Country>
  <Country>
    <CountryCode>STP</CountryCode>
    <CountryName>SAO TOME AND PRINCIPE</CountryName>
    <TwoLetterAbbreviation>ST</TwoLetterAbbreviation>
  </Country>
  <Country>
    <CountryCode>SAU</CountryCode>
    <CountryName>SAUDI ARABIA</CountryName>
    <TwoLetterAbbreviation>SA</TwoLetterAbbreviation>
  </Country>
  <Country>
    <CountryCode>SEN</CountryCode>
    <CountryName>SENEGAL</CountryName>
    <TwoLetterAbbreviation>SN</TwoLetterAbbreviation>
  </Country>
  <Country>
    <CountryCode>SYC</CountryCode>
    <CountryName>SEYCHELLES</CountryName>
    <TwoLetterAbbreviation>SC</TwoLetterAbbreviation>
  </Country>
  <Country>
    <CountryCode>SLE</CountryCode>
    <CountryName>SIERRA LEONE</CountryName>
    <TwoLetterAbbreviation>SL</TwoLetterAbbreviation>
  </Country>
  <Country>
    <CountryCode>SGP</CountryCode>
    <CountryName>SINGAPORE</CountryName>
    <TwoLetterAbbreviation>SG</TwoLetterAbbreviation>
  </Country>
  <Country>
    <CountryCode>SVK</CountryCode>
    <CountryName>SLOVAKIA (Slovak Republic)</CountryName>
    <TwoLetterAbbreviation>SK</TwoLetterAbbreviation>
  </Country>
  <Country>
    <CountryCode>SVN</CountryCode>
    <CountryName>SLOVENIA</CountryName>
    <TwoLetterAbbreviation>SI</TwoLetterAbbreviation>
  </Country>
  <Country>
    <CountryCode>SLB</CountryCode>
    <CountryName>SOLOMON ISLANDS</CountryName>
    <ISONumber>090</ISONumber>
    <TwoLetterAbbreviation>SB</TwoLetterAbbreviation>
  </Country>
  <Country>
    <CountryCode>SOM</CountryCode>
    <CountryName>SOMALIA</CountryName>
    <ISONumber>706</ISONumber>
    <TwoLetterAbbreviation>SO</TwoLetterAbbreviation>
  </Country>
  <Country>
    <CountryCode>ZAF</CountryCode>
    <CountryName>SOUTH AFRICA</CountryName>
    <ISONumber>710</ISONumber>
    <TwoLetterAbbreviation>ZA</TwoLetterAbbreviation>
  </Country>
  <Country>
    <CountryCode>SGS</CountryCode>
    <CountryName>SOUTH GEORGIA AND THE SOUTH SANDWICH ISLANDS</CountryName>
    <ISONumber>239</ISONumber>
    <TwoLetterAbbreviation>GS</TwoLetterAbbreviation>
  </Country>
  <Country>
    <CountryCode>ESP</CountryCode>
    <CountryName>SPAIN</CountryName>
    <ISONumber>724</ISONumber>
    <TwoLetterAbbreviation>ES</TwoLetterAbbreviation>
  </Country>
  <Country>
    <CountryCode>LKA</CountryCode>
    <CountryName>SRI LANKA</CountryName>
    <ISONumber>144</ISONumber>
    <TwoLetterAbbreviation>LK</TwoLetterAbbreviation>
  </Country>
  <Country>
    <CountryCode>SHN</CountryCode>
    <CountryName>ST. HELENA</CountryName>
    <ISONumber>654</ISONumber>
    <TwoLetterAbbreviation>SH</TwoLetterAbbreviation>
  </Country>
  <Country>
    <CountryCode>SPM</CountryCode>
    <CountryName>ST. PIERRE AND MIQUELON</CountryName>
    <ISONumber>666</ISONumber>
    <TwoLetterAbbreviation>PM</TwoLetterAbbreviation>
  </Country>
  <Country>
    <CountryCode>SDN</CountryCode>
    <CountryName>SUDAN</CountryName>
    <ISONumber>736</ISONumber>
    <TwoLetterAbbreviation>SD</TwoLetterAbbreviation>
  </Country>
  <Country>
    <CountryCode>SUR</CountryCode>
    <CountryName>SURINAME</CountryName>
    <ISONumber>740</ISONumber>
    <TwoLetterAbbreviation>SR</TwoLetterAbbreviation>
  </Country>
  <Country>
    <CountryCode>SJM</CountryCode>
    <CountryName>SVALBARD AND JAN MAYEN ISLANDS</CountryName>
    <ISONumber>744</ISONumber>
    <TwoLetterAbbreviation>SJ</TwoLetterAbbreviation>
  </Country>
  <Country>
    <CountryCode>SWZ</CountryCode>
    <CountryName>SWAZILAND</CountryName>
    <ISONumber>748</ISONumber>
    <TwoLetterAbbreviation>SZ</TwoLetterAbbreviation>
  </Country>
  <Country>
    <CountryCode>SWE</CountryCode>
    <CountryName>SWEDEN</CountryName>
    <ISONumber>752</ISONumber>
    <TwoLetterAbbreviation>SE</TwoLetterAbbreviation>
  </Country>
  <Country>
    <CountryCode>CHE</CountryCode>
    <CountryName>SWITZERLAND</CountryName>
    <ISONumber>756</ISONumber>
    <TwoLetterAbbreviation>CH</TwoLetterAbbreviation>
  </Country>
  <Country>
    <CountryCode>SYR</CountryCode>
    <CountryName>SYRIAN ARAB REPUBLIC</CountryName>
    <ISONumber>760</ISONumber>
    <TwoLetterAbbreviation>SY</TwoLetterAbbreviation>
  </Country>
  <Country>
    <CountryCode>TWN</CountryCode>
    <CountryName>TAIWAN</CountryName>
    <ISONumber>158</ISONumber>
    <TwoLetterAbbreviation>TW</TwoLetterAbbreviation>
  </Country>
  <Country>
    <CountryCode>TJK</CountryCode>
    <CountryName>TAJIKISTAN</CountryName>
    <ISONumber>762</ISONumber>
    <TwoLetterAbbreviation>TJ</TwoLetterAbbreviation>
  </Country>
  <Country>
    <CountryCode>TZA</CountryCode>
    <CountryName>TANZANIA, UNITED REPUBLIC OF</CountryName>
    <ISONumber>834</ISONumber>
    <TwoLetterAbbreviation>TZ</TwoLetterAbbreviation>
  </Country>
  <Country>
    <CountryCode>THA</CountryCode>
    <CountryName>THAILAND</CountryName>
    <ISONumber>764</ISONumber>
    <TwoLetterAbbreviation>TH</TwoLetterAbbreviation>
  </Country>
  <Country>
    <CountryCode>TGO</CountryCode>
    <CountryName>TOGO</CountryName>
    <ISONumber>768</ISONumber>
    <TwoLetterAbbreviation>TG</TwoLetterAbbreviation>
  </Country>
  <Country>
    <CountryCode>TKL</CountryCode>
    <CountryName>TOKELAU</CountryName>
    <ISONumber>772</ISONumber>
    <TwoLetterAbbreviation>TK</TwoLetterAbbreviation>
  </Country>
  <Country>
    <CountryCode>TON</CountryCode>
    <CountryName>TONGA</CountryName>
    <ISONumber>776</ISONumber>
    <TwoLetterAbbreviation>TO</TwoLetterAbbreviation>
  </Country>
  <Country>
    <CountryCode>TTO</CountryCode>
    <CountryName>TRINIDAD AND TOBAGO</CountryName>
    <ISONumber>780</ISONumber>
    <TwoLetterAbbreviation>TT</TwoLetterAbbreviation>
  </Country>
  <Country>
    <CountryCode>TUN</CountryCode>
    <CountryName>TUNISIA</CountryName>
    <ISONumber>788</ISONumber>
    <TwoLetterAbbreviation>TN</TwoLetterAbbreviation>
  </Country>
  <Country>
    <CountryCode>TUR</CountryCode>
    <CountryName>TURKEY</CountryName>
    <ISONumber>792</ISONumber>
    <TwoLetterAbbreviation>TR</TwoLetterAbbreviation>
  </Country>
  <Country>
    <CountryCode>TKM</CountryCode>
    <CountryName>TURKMENISTAN</CountryName>
    <ISONumber>795</ISONumber>
    <TwoLetterAbbreviation>TM</TwoLetterAbbreviation>
  </Country>
  <Country>
    <CountryCode>TCA</CountryCode>
    <CountryName>TURKS AND CAICOS ISLANDS</CountryName>
    <ISONumber>796</ISONumber>
    <TwoLetterAbbreviation>TC</TwoLetterAbbreviation>
  </Country>
  <Country>
    <CountryCode>TUV</CountryCode>
    <CountryName>TUVALU</CountryName>
    <ISONumber>798</ISONumber>
    <TwoLetterAbbreviation>TV</TwoLetterAbbreviation>
  </Country>
  <Country>
    <CountryCode>UGA</CountryCode>
    <CountryName>UGANDA</CountryName>
    <ISONumber>800</ISONumber>
    <TwoLetterAbbreviation>UG</TwoLetterAbbreviation>
  </Country>
  <Country>
    <CountryCode>UKR</CountryCode>
    <CountryName>UKRAINE</CountryName>
    <ISONumber>804</ISONumber>
    <TwoLetterAbbreviation>UA</TwoLetterAbbreviation>
  </Country>
  <Country>
    <CountryCode>ARE</CountryCode>
    <CountryName>UNITED ARAB EMIRATES</CountryName>
    <ISONumber>784</ISONumber>
    <TwoLetterAbbreviation>AE</TwoLetterAbbreviation>
  </Country>
  <Country>
    <CountryCode>UMI</CountryCode>
    <CountryName>UNITED STATES MINOR OUTLYING ISLANDS</CountryName>
    <ISONumber>581</ISONumber>
    <TwoLetterAbbreviation>UM</TwoLetterAbbreviation>
  </Country>
  <Country>
    <CountryCode>URY</CountryCode>
    <CountryName>URUGUAY</CountryName>
    <ISONumber>858</ISONumber>
    <TwoLetterAbbreviation>UY</TwoLetterAbbreviation>
  </Country>
  <Country>
    <CountryCode>UZB</CountryCode>
    <CountryName>UZBEKISTAN</CountryName>
    <ISONumber>860</ISONumber>
    <TwoLetterAbbreviation>UZ</TwoLetterAbbreviation>
  </Country>
  <Country>
    <CountryCode>VUT</CountryCode>
    <CountryName>VANUATU</CountryName>
    <ISONumber>548</ISONumber>
    <TwoLetterAbbreviation>VU</TwoLetterAbbreviation>
  </Country>
  <Country>
    <CountryCode>VAT</CountryCode>
    <CountryName>VATICAN CITY STATE (HOLY SEE)</CountryName>
    <ISONumber>336</ISONumber>
    <TwoLetterAbbreviation>VA</TwoLetterAbbreviation>
  </Country>
  <Country>
    <CountryCode>VEN</CountryCode>
    <CountryName>VENEZUELA</CountryName>
    <ISONumber>862</ISONumber>
    <TwoLetterAbbreviation>VE</TwoLetterAbbreviation>
  </Country>
  <Country>
    <CountryCode>VNM</CountryCode>
    <CountryName>VIET NAM</CountryName>
    <ISONumber>704</ISONumber>
    <TwoLetterAbbreviation>VN</TwoLetterAbbreviation>
  </Country>
  <Country>
    <CountryCode>VGB</CountryCode>
    <CountryName>VIRGIN ISLANDS (BRITISH)</CountryName>
    <ISONumber>092</ISONumber>
    <TwoLetterAbbreviation>VG</TwoLetterAbbreviation>
  </Country>
  <Country>
    <CountryCode>VIR</CountryCode>
    <CountryName>VIRGIN ISLANDS (U.S.)</CountryName>
    <ISONumber>850</ISONumber>
    <TwoLetterAbbreviation>VI</TwoLetterAbbreviation>
  </Country>
  <Country>
    <CountryCode>WLF</CountryCode>
    <CountryName>WALLIS AND FUTUNA ISLANDS</CountryName>
    <ISONumber>876</ISONumber>
    <TwoLetterAbbreviation>WF</TwoLetterAbbreviation>
  </Country>
  <Country>
    <CountryCode>ESH</CountryCode>
    <CountryName>WESTERN SAHARA</CountryName>
    <ISONumber>732</ISONumber>
    <TwoLetterAbbreviation>EH</TwoLetterAbbreviation>
  </Country>
  <Country>
    <CountryCode>YEM</CountryCode>
    <CountryName>YEMEN</CountryName>
    <ISONumber>887</ISONumber>
    <TwoLetterAbbreviation>YE</TwoLetterAbbreviation>
  </Country>
  <Country>
    <CountryCode>YUG</CountryCode>
    <CountryName>YUGOSLAVIA</CountryName>
    <ISONumber>891</ISONumber>
    <TwoLetterAbbreviation>YU</TwoLetterAbbreviation>
  </Country>
  <Country>
    <CountryCode>ZMB</CountryCode>
    <CountryName>ZAMBIA</CountryName>
    <ISONumber>894</ISONumber>
    <TwoLetterAbbreviation>ZM</TwoLetterAbbreviation>
  </Country>
  <Country>
    <CountryCode>ZWE</CountryCode>
    <CountryName>ZIMBABWE</CountryName>
    <ISONumber>716</ISONumber>
    <TwoLetterAbbreviation>ZW</TwoLetterAbbreviation>
  </Country>
</Countries>