﻿<?xml version="1.0" encoding="utf-8" ?>
<NameSuffixes>
  <NameSuffix>
    <Suffix>N/A</Suffix>
  </NameSuffix>
  <NameSuffix>
    <Suffix>Junior</Suffix>
  </NameSuffix>
  <NameSuffix>
    <Suffix>Senior</Suffix>
  </NameSuffix>
  <NameSuffix>
    <Suffix>Ph.D</Suffix>
  </NameSuffix>
  <NameSuffix>
    <Suffix>M.D.</Suffix>
  </NameSuffix>
  <NameSuffix>
    <Suffix>DDS</Suffix>
  </NameSuffix>
  <NameSuffix>
    <Suffix>Esq.</Suffix>
  </NameSuffix>
  <NameSuffix>
    <Suffix>II</Suffix>
  </NameSuffix>
  <NameSuffix>
    <Suffix>III</Suffix>
  </NameSuffix>
</NameSuffixes>