﻿<ImageMenus>
  <ImageMenu>
    <ImageUri>../Images/ComputerCleaner.png</ImageUri>
    <MenuName>ComputerCleaner</MenuName>
    <ToolTip>Run the Computer Cleaner</ToolTip>
    <DisplayOrder>10</DisplayOrder>
    <UserControlName>SLNavigationIdeas.ucComputerCleaner</UserControlName>
  </ImageMenu>
  <ImageMenu>
    <ImageUri>../Images/ProductPrep.png</ImageUri>
    <MenuName>ProductPrep</MenuName>
    <ToolTip>Run the Product Preparation</ToolTip>
    <DisplayOrder>20</DisplayOrder>
    <UserControlName>SLNavigationIdeas.ucProductPrep</UserControlName>
  </ImageMenu>
  <ImageMenu>
    <ImageUri>../Images/PropertyBuilder.png</ImageUri>
    <MenuName>PropertyBuilder</MenuName>
    <ToolTip>Run the Property Builder</ToolTip>
    <DisplayOrder>30</DisplayOrder>
    <UserControlName>SLNavigationIdeas.ucPropertyBuilder</UserControlName>
  </ImageMenu>
  <ImageMenu>
    <ImageUri>../Images/ConvertColor.png</ImageUri>
    <MenuName>ConvertColorRGB</MenuName>
    <ToolTip>Run the Convert Color to RGB</ToolTip>
    <DisplayOrder>40</DisplayOrder>
    <UserControlName>SLNavigationIdeas.ucConvertColor</UserControlName>
  </ImageMenu>
  <ImageMenu>
    <ImageUri>../Images/XMLBuilder.png</ImageUri>
    <MenuName>XmlBuilder</MenuName>
    <ToolTip>Run the XML Builder</ToolTip>
    <DisplayOrder>50</DisplayOrder>
    <UserControlName>SLNavigationIdeas.ucXMLBuilder</UserControlName>
  </ImageMenu>
</ImageMenus>