<?xml version="1.0" standalone="yes"?>
<Menus>
  <Menu>
    <MenuId>1</MenuId>
    <MenuTitle>Home</MenuTitle>
    <MenuTip>Home Menu</MenuTip>
    <MenuImage>../Images/Home.jpg</MenuImage>
		<UserControl>Clear</UserControl>
  </Menu>
  <Menu>
    <MenuId>2</MenuId>
    <MenuTitle>AD Reader</MenuTitle>
    <MenuTip>Active Directory Reader</MenuTip>
    <MenuImage>../Images/ActiveDirectoryReader.png</MenuImage>
		<UserControl>SLNavigationIdeas.ucADReader</UserControl>
	</Menu>
  <Menu>
    <MenuId>3</MenuId>
    <MenuTitle>App Builder</MenuTitle>
    <MenuTip>Application Builder</MenuTip>
    <MenuImage>../Images/ApplicationBuilder.png</MenuImage>
		<UserControl>SLNavigationIdeas.ucAppBuilder</UserControl>
	</Menu>
  <Menu>
    <MenuId>4</MenuId>
    <MenuTitle>Cleaner</MenuTitle>
    <MenuTip>Computer Cleaner</MenuTip>
    <MenuImage>../Images/ComputerCleaner.png</MenuImage>
		<UserControl>SLNavigationIdeas.ucComputerCleaner</UserControl>
	</Menu>
  <Menu>
    <MenuId>5</MenuId>
    <MenuTitle>Config Manager</MenuTitle>
    <MenuTip>Configuration Manager</MenuTip>
    <MenuImage>../Images/ConfigurationManager.png</MenuImage>
		<UserControl>SLNavigationIdeas.ucConfigManager</UserControl>
	</Menu>
  <Menu>
    <MenuId>6</MenuId>
    <MenuTitle>Color to RGB</MenuTitle>
    <MenuTip>Color to RGB</MenuTip>
    <MenuImage>../Images/ConvertColor.png</MenuImage>
		<UserControl>SLNavigationIdeas.ucConvertColor</UserControl>
	</Menu>
  <Menu>
    <MenuId>7</MenuId>
    <MenuTitle>DB Documenter</MenuTitle>
    <MenuTip>Database Documenter</MenuTip>
    <MenuImage>../Images/DatabaseDocumenter.png</MenuImage>
		<UserControl>SLNavigationIdeas.ucDBDocumenter</UserControl>
	</Menu>
  <Menu>
    <MenuId>8</MenuId>
    <MenuTitle>Message Editor</MenuTitle>
    <MenuTip>Message Editor</MenuTip>
    <MenuImage>../Images/MessageEditor.png</MenuImage>
		<UserControl>SLNavigationIdeas.ucMessageEditor</UserControl>
	</Menu>
  <Menu>
    <MenuId>9</MenuId>
    <MenuTitle>Product Prep</MenuTitle>
    <MenuTip>Product Preparation</MenuTip>
    <MenuImage>../Images/ProductPrep.png</MenuImage>
		<UserControl>SLNavigationIdeas.ucProductPrep</UserControl>
	</Menu>
</Menus>