﻿<?xml version="1.0" encoding="utf-8"?>
<publishData>
  <publishProfile publishUrl="C:\inetpub\wwwroot\WebFormSample" deleteExistingFiles="True" ftpAnonymousLogin="False" ftpPassiveMode="True" msdeploySite="" msdeploySiteID="" msdeployRemoteSitePhysicalPath="" msdeployAllowUntrustedCertificate="False" msdeploySkipExtraFilesOnServer="True" msdeployMarkAsApp="False" profileName="WebFormSample" publishMethod="FileSystem" replaceMatchingFiles="False" userName="" savePWD="False" userPWD="" SelectedForPublish="True">
    <file relUrl="Images/ajax-loader.gif" publishTime="01/28/2012 21:59:56" />
    <file relUrl="bin/ASPDotNet.BusinessLayer.dll" publishTime="03/26/2012 07:30:46" />
    <file relUrl="Global.asax" publishTime="01/07/2012 13:28:19" />
    <file relUrl="bin/ASPDotNet.Utilities.pdb" publishTime="03/26/2012 07:30:47" />
    <file relUrl="Site.Master" publishTime="02/29/2012 11:32:52" />
    <file relUrl="Styles/Site.css" publishTime="01/28/2012 22:02:50" />
    <file relUrl="Xml/USStates.xml" publishTime="01/28/2012 20:51:23" />
    <file relUrl="Scripts/jquery-1.4.1.js" publishTime="01/07/2012 13:28:19" />
    <file relUrl="bin/WebFormSample.dll" publishTime="03/26/2012 07:30:48" />
    <file relUrl="bin/ASPDotNet.BusinessLayer.pdb" publishTime="03/26/2012 07:30:46" />
    <file relUrl="Views/Sample07.aspx" publishTime="02/20/2012 20:25:22" />
    <file relUrl="bin/WebFormSample.pdb" publishTime="03/26/2012 07:30:48" />
    <file relUrl="Views/Sample06.aspx" publishTime="02/20/2012 21:57:18" />
    <file relUrl="Scripts/jquery-1.4.1.min.js" publishTime="01/07/2012 13:28:19" />
    <file relUrl="Views/Sample05.aspx" publishTime="02/20/2012 22:29:27" />
    <file relUrl="Default.aspx" publishTime="02/21/2012 10:40:52" />
    <file relUrl="Views/Sample02_Target.aspx" publishTime="02/20/2012 20:24:58" />
    <file relUrl="Views/Sample04.aspx" publishTime="02/29/2012 10:31:18" />
    <file relUrl="Product/ProductView.aspx" publishTime="02/20/2012 20:52:43" />
    <file relUrl="Images/wf.png" publishTime="02/29/2012 10:09:55" />
    <file relUrl="bin/ASPDotNet.Utilities.dll" publishTime="03/26/2012 07:30:47" />
    <file relUrl="Security/Login.aspx" publishTime="01/27/2012 16:40:15" />
    <file relUrl="Security/AccessDenied.aspx" publishTime="01/28/2012 20:15:27" />
    <file relUrl="bin/ASPDotNet.ViewModels.pdb" publishTime="03/26/2012 07:30:47" />
    <file relUrl="Web.config" publishTime="03/26/2012 07:31:18" />
    <file relUrl="Views/Sample03.aspx" publishTime="02/20/2012 20:25:25" />
    <file relUrl="Views/Sample02.aspx" publishTime="02/29/2012 10:18:28" />
    <file relUrl="Views/Sample01.aspx" publishTime="02/20/2012 20:25:25" />
    <file relUrl="bin/ASPDotNet.ViewModels.dll" publishTime="03/26/2012 07:30:47" />
    <file relUrl="Scripts/jquery-1.4.1-vsdoc.js" publishTime="01/07/2012 13:28:19" />
  </publishProfile>
</publishData>