[{"productID":680,"name":"HL Road Frame - Black, 58","productNumber":"FR-R92B-58","color":"Black","standardCost":1059.31,"listPrice":1431.5},{"productID":706,"name":"HL Road Frame - Red, 58","productNumber":"FR-R92R-58","color":"Red","standardCost":1059.31,"listPrice":1431.5},{"productID":707,"name":"Sport-100 Helmet, Red","productNumber":"HL-U509-R","color":"Red","standardCost":13.0863,"listPrice":34.99},{"productID":708,"name":"Sport-100 Helmet, Black","productNumber":"HL-U509","color":"Black","standardCost":13.0863,"listPrice":34.99},{"productID":709,"name":"Mountain Bike Socks, M","productNumber":"SO-B909-M","color":"White","standardCost":3.3963,"listPrice":9.5},{"productID":710,"name":"Mountain Bike Socks, L","productNumber":"SO-B909-L","color":"White","standardCost":3.3963,"listPrice":9.5},{"productID":711,"name":"Sport-100 Helmet, Blue","productNumber":"HL-U509-B","color":"Blue","standardCost":13.0863,"listPrice":34.99},{"productID":712,"name":"AWC Logo Cap","productNumber":"CA-1098","color":"Multi","standardCost":6.9223,"listPrice":8.99},{"productID":713,"name":"Long-Sleeve Logo Jersey, S","productNumber":"LJ-0192-S","color":"Multi","standardCost":38.4923,"listPrice":49.99},{"productID":714,"name":"Long-Sleeve Logo Jersey, M","productNumber":"LJ-0192-M","color":"Multi","standardCost":38.4923,"listPrice":49.99},{"productID":715,"name":"Long-Sleeve Logo Jersey, L","productNumber":"LJ-0192-L","color":"Multi","standardCost":38.4923,"listPrice":49.99},{"productID":716,"name":"Long-Sleeve Logo Jersey, XL","productNumber":"LJ-0192-X","color":"Multi","standardCost":38.4923,"listPrice":49.99},{"productID":717,"name":"HL Road Frame - Red, 62","productNumber":"FR-R92R-62","color":"Red","standardCost":868.6342,"listPrice":1431.5},{"productID":718,"name":"HL Road Frame - Red, 44","productNumber":"FR-R92R-44","color":"Red","standardCost":868.6342,"listPrice":1431.5},{"productID":719,"name":"HL Road Frame - Red, 48","productNumber":"FR-R92R-48","color":"Red","standardCost":868.6342,"listPrice":1431.5},{"productID":720,"name":"HL Road Frame - Red, 52","productNumber":"FR-R92R-52","color":"Red","standardCost":868.6342,"listPrice":1431.5},{"productID":721,"name":"HL Road Frame - Red, 56","productNumber":"FR-R92R-56","color":"Red","standardCost":868.6342,"listPrice":1431.5},{"productID":722,"name":"LL Road Frame - Black, 58","productNumber":"FR-R38B-58","color":"Black","standardCost":204.6251,"listPrice":337.22},{"productID":723,"name":"LL Road Frame - Black, 60","productNumber":"FR-R38B-60","color":"Black","standardCost":204.6251,"listPrice":337.22},{"productID":724,"name":"LL Road Frame - Black, 62","productNumber":"FR-R38B-62","color":"Black","standardCost":204.6251,"listPrice":337.22},{"productID":725,"name":"LL Road Frame - Red, 44","productNumber":"FR-R38R-44","color":"Red","standardCost":187.1571,"listPrice":337.22},{"productID":726,"name":"LL Road Frame - Red, 48","productNumber":"FR-R38R-48","color":"Red","standardCost":187.1571,"listPrice":337.22},{"productID":727,"name":"LL Road Frame - Red, 52","productNumber":"FR-R38R-52","color":"Red","standardCost":187.1571,"listPrice":337.22},{"productID":728,"name":"LL Road Frame - Red, 58","productNumber":"FR-R38R-58","color":"Red","standardCost":187.1571,"listPrice":337.22},{"productID":729,"name":"LL Road Frame - Red, 60","productNumber":"FR-R38R-60","color":"Red","standardCost":187.1571,"listPrice":337.22},{"productID":730,"name":"LL Road Frame - Red, 62","productNumber":"FR-R38R-62","color":"Red","standardCost":187.1571,"listPrice":337.22},{"productID":731,"name":"ML Road Frame - Red, 44","productNumber":"FR-R72R-44","color":"Red","standardCost":352.1394,"listPrice":594.83},{"productID":732,"name":"ML Road Frame - Red, 48","productNumber":"FR-R72R-48","color":"Red","standardCost":352.1394,"listPrice":594.83},{"productID":733,"name":"ML Road Frame - Red, 52","productNumber":"FR-R72R-52","color":"Red","standardCost":352.1394,"listPrice":594.83},{"productID":734,"name":"ML Road Frame - Red, 58","productNumber":"FR-R72R-58","color":"Red","standardCost":352.1394,"listPrice":594.83}]