﻿<?xml version="1.0" encoding="utf-8"?>
<publishData>
  <publishProfile publishUrl="C:\inetpub\wwwroot\MVCSample" deleteExistingFiles="True" ftpAnonymousLogin="False" ftpPassiveMode="True" msdeploySite="" msdeploySiteID="" msdeployRemoteSitePhysicalPath="" msdeployAllowUntrustedCertificate="False" msdeploySkipExtraFilesOnServer="True" msdeployMarkAsApp="False" profileName="MVCSample" publishMethod="FileSystem" replaceMatchingFiles="False" userName="" savePWD="False" userPWD="" SelectedForPublish="True">
    <file relUrl="Scripts/jquery.validate.unobtrusive.js" publishTime="01/07/2012 13:30:56" />
    <file relUrl="Views/Sample01/SecuredByAttribute.cshtml" publishTime="02/20/2012 14:11:57" />
    <file relUrl="Content/themes/base/images/ui-bg_flat_75_ffffff_40x100.png" publishTime="01/07/2012 13:30:56" />
    <file relUrl="Scripts/MicrosoftAjax.js" publishTime="01/07/2012 13:30:56" />
    <file relUrl="Scripts/jquery-1.4.4.js" publishTime="01/07/2012 13:30:56" />
    <file relUrl="bin/ASPDotNet.ViewModels.pdb" publishTime="03/28/2012 15:06:36" />
    <file relUrl="Views/Sample02/Landing.cshtml" publishTime="02/21/2012 12:03:48" />
    <file relUrl="Scripts/MicrosoftMvcValidation.debug.js" publishTime="01/07/2012 13:30:56" />
    <file relUrl="Scripts/jquery-1.4.4-vsdoc.js" publishTime="01/07/2012 13:30:56" />
    <file relUrl="Views/Product/ProductEntry.cshtml" publishTime="03/28/2012 15:01:45" />
    <file relUrl="Web.config" publishTime="03/28/2012 15:07:02" />
    <file relUrl="Views/Sample02/NotFound.cshtml" publishTime="02/20/2012 20:05:45" />
    <file relUrl="bin/ASPDotNet.Utilities.dll" publishTime="03/28/2012 15:06:36" />
    <file relUrl="Content/themes/base/images/ui-icons_cd0a0a_256x240.png" publishTime="01/07/2012 13:30:56" />
    <file relUrl="Scripts/MicrosoftMvcAjax.js" publishTime="01/07/2012 13:30:56" />
    <file relUrl="Views/Security/Login.cshtml" publishTime="01/27/2012 21:48:08" />
    <file relUrl="bin/ASPDotNet.Utilities.pdb" publishTime="03/28/2012 15:06:36" />
    <file relUrl="Global.asax" publishTime="01/07/2012 13:30:57" />
    <file relUrl="Content/themes/base/images/ui-icons_2e83ff_256x240.png" publishTime="01/07/2012 13:30:56" />
    <file relUrl="Scripts/jquery-1.4.4.min.js" publishTime="01/07/2012 13:30:56" />
    <file relUrl="Content/wf.png" publishTime="02/29/2012 10:09:55" />
    <file relUrl="Content/themes/base/images/ui-bg_glass_75_e6e6e6_1x400.png" publishTime="01/07/2012 13:30:56" />
    <file relUrl="Scripts/jquery-ui.js" publishTime="01/07/2012 13:30:56" />
    <file relUrl="Content/mvc.png" publishTime="02/29/2012 10:15:52" />
    <file relUrl="Views/Sample04/AddCustomer.cshtml" publishTime="02/29/2012 10:34:28" />
    <file relUrl="Views/Sample03/Index.cshtml" publishTime="02/21/2012 12:58:14" />
    <file relUrl="Scripts/jquery.unobtrusive-ajax.min.js" publishTime="01/07/2012 13:30:56" />
    <file relUrl="Views/Shared/_LogOnPartial.cshtml" publishTime="01/27/2012 14:40:22" />
    <file relUrl="Content/themes/base/images/ui-bg_glass_55_fbf9ee_1x400.png" publishTime="01/07/2012 13:30:56" />
    <file relUrl="Content/themes/base/images/ui-bg_glass_75_dadada_1x400.png" publishTime="01/07/2012 13:30:56" />
    <file relUrl="Scripts/jquery.validate.unobtrusive.min.js" publishTime="01/07/2012 13:30:56" />
    <file relUrl="Views/Sample02/Target.cshtml" publishTime="02/20/2012 19:46:22" />
    <file relUrl="bin/MVCSample.dll" publishTime="03/28/2012 15:06:37" />
    <file relUrl="bin/MVCSample.pdb" publishTime="03/28/2012 15:06:37" />
    <file relUrl="Content/themes/base/images/ui-icons_222222_256x240.png" publishTime="01/07/2012 13:30:56" />
    <file relUrl="Views/Sample01/Index.cshtml" publishTime="02/20/2012 19:45:51" />
    <file relUrl="Views/Sample01/AccessDenied.cshtml" publishTime="02/20/2012 14:10:22" />
    <file relUrl="Scripts/jquery-ui.min.js" publishTime="01/07/2012 13:30:56" />
    <file relUrl="Views/Shared/Error.cshtml" publishTime="01/07/2012 13:30:57" />
    <file relUrl="Content/themes/base/images/ui-icons_454545_256x240.png" publishTime="01/07/2012 13:30:56" />
    <file relUrl="Scripts/jquery.validate.min.js" publishTime="01/07/2012 13:30:56" />
    <file relUrl="Content/themes/base/images/ui-bg_glass_65_ffffff_1x400.png" publishTime="01/07/2012 13:30:56" />
    <file relUrl="Views/Sample01/SecuredByContext.cshtml" publishTime="02/20/2012 14:13:03" />
    <file relUrl="Views/Sample07/Index.cshtml" publishTime="02/21/2012 10:19:52" />
    <file relUrl="bin/ASPDotNet.BusinessLayer.dll" publishTime="03/28/2012 15:06:36" />
    <file relUrl="bin/ASPDotNet.ViewModels.dll" publishTime="03/28/2012 15:06:36" />
    <file relUrl="Views/Shared/_Layout.cshtml" publishTime="02/29/2012 11:35:24" />
    <file relUrl="bin/ASPDotNet.BusinessLayer.pdb" publishTime="03/28/2012 15:06:36" />
    <file relUrl="Views/Web.config" publishTime="01/27/2012 14:51:43" />
    <file relUrl="Content/Site.css" publishTime="01/07/2012 13:30:56" />
    <file relUrl="Scripts/MicrosoftMvcValidation.js" publishTime="01/07/2012 13:30:56" />
    <file relUrl="Content/themes/base/images/ui-icons_888888_256x240.png" publishTime="01/07/2012 13:30:56" />
    <file relUrl="Content/themes/base/jquery-ui.css" publishTime="01/07/2012 13:30:56" />
    <file relUrl="Views/_ViewStart.cshtml" publishTime="01/07/2012 13:30:57" />
    <file relUrl="Views/Sample06/Index.cshtml" publishTime="02/20/2012 21:26:00" />
    <file relUrl="Scripts/jquery.unobtrusive-ajax.js" publishTime="01/07/2012 13:30:56" />
    <file relUrl="Views/Product/Index.cshtml" publishTime="03/25/2012 12:15:34" />
    <file relUrl="Scripts/MicrosoftAjax.debug.js" publishTime="01/07/2012 13:30:56" />
    <file relUrl="Views/Sample06/CustomError.cshtml" publishTime="02/20/2012 20:36:52" />
    <file relUrl="Scripts/MicrosoftMvcAjax.debug.js" publishTime="01/07/2012 13:30:56" />
    <file relUrl="Content/themes/base/images/ui-bg_glass_95_fef1ec_1x400.png" publishTime="01/07/2012 13:30:56" />
    <file relUrl="Views/Sample05/Index.cshtml" publishTime="02/29/2012 10:28:23" />
    <file relUrl="Scripts/jquery.validate-vsdoc.js" publishTime="01/07/2012 13:30:56" />
    <file relUrl="Scripts/jquery.validate.js" publishTime="01/07/2012 13:30:56" />
    <file relUrl="Content/themes/base/images/ui-bg_flat_0_aaaaaa_40x100.png" publishTime="01/07/2012 13:30:56" />
    <file relUrl="Views/Home/Index.cshtml" publishTime="02/21/2012 10:39:37" />
    <file relUrl="Content/themes/base/images/ui-bg_highlight-soft_75_cccccc_1x100.png" publishTime="01/07/2012 13:30:56" />
  </publishProfile>
</publishData>