<Products>
  <Product ProductId="1"
           ProductName="PDSA Productivity Framework"
           Cost="3000.0000"
           Price="5000.0000"
           IsDiscontinued="false"
           LastUpdated="2013-07-11T00:00:00-07:00" />
  <Product ProductId="2"
           ProductName="Architecting ASP.NET eBook"
           IntroductionDate="2009-04-05T00:00:00-07:00"
           Price="33.0000"
           IsDiscontinued="false"
           LastUpdated="2013-07-11T00:00:00-07:00" />
  <Product ProductId="3"
           ProductName="Introduction to N-Tier Book"
           IntroductionDate="2006-06-04T00:00:00-07:00"
           Cost="15.0000"
           Price="29.9500"
           IsDiscontinued="false"
           LastUpdated="2013-07-11T00:00:00-07:00" />
  <Product ProductId="4"
           ProductName="Security for ASP.NET Developers eBook"
           IntroductionDate="2002-08-25T00:00:00-07:00"
           Cost="10.0000"
           Price="19.9500"
           IsDiscontinued="false"
           LastUpdated="2013-07-11T00:00:00-07:00" />
  <Product ProductId="5"
           ProductName="PDSA IT Manager's Toolkit"
           IntroductionDate="2002-03-03T00:00:00-08:00"
           Cost="2000.0000"
           Price="4000.0000"
           IsDiscontinued="false"
           LastUpdated="2013-07-11T00:00:00-07:00" />
  <Product ProductId="6"
           ProductName="VB.NET Fundamentals eBook"
           IntroductionDate="2004-05-27T00:00:00-07:00"
           Cost="10.0000"
           Price="19.9500"
           IsDiscontinued="false"
           LastUpdated="2013-07-11T00:00:00-07:00" />
  <Product ProductId="7"
           ProductName="Introduction to SQL Server 2000"
           IntroductionDate="2005-01-11T00:00:00-08:00"
           Cost="10.0000"
           Price="19.9500"
           IsDiscontinued="false"
           LastUpdated="2013-07-11T00:00:00-07:00" />
  <Product ProductId="8"
           ProductName="Using SharePoint 2003"
           IntroductionDate="2005-05-02T00:00:00-07:00"
           Cost="20.0000"
           Price="40.0000"
           IsDiscontinued="false"
           LastUpdated="2013-07-11T00:00:00-07:00" />
  <Product ProductId="9"
           ProductName="Developing SharePoint Web Parts"
           IntroductionDate="2005-06-03T00:00:00-07:00"
           Cost="10.0000"
           Price="19.9500"
           IsDiscontinued="false"
           LastUpdated="2013-07-11T00:00:00-07:00" />
  <Product ProductId="10"
           ProductName="PDSA Web Authoring System"
           IntroductionDate="2003-04-12T00:00:00-07:00"
           Cost="2500.0000"
           Price="5000.0000"
           IsDiscontinued="false"
           LastUpdated="2013-07-11T00:00:00-07:00" />
  <Product ProductId="46"
           ProductName="Gretsch Catalina Drums"
           IntroductionDate="2009-01-01T00:00:00-08:00"
           Cost="300.0000"
           Price="600.0000"
           IsDiscontinued="false"
           LastUpdated="2013-07-11T01:00:00-07:00" />
</Products>